INDICATOR,PANEL,PANEL_NUM,UNIT,UNIT_NUM,STUB_NAME,STUB_NAME_NUM,STUB_LABEL,STUB_LABEL_NUM,YEAR,YEAR_NUM,AGE,AGE_NUM,ESTIMATE,FLAG
Drug overdose death rates,All drug overdose deaths,0,"Deaths per 100,000 resident population, age-adjusted",1,Total,0,All persons,0.1,1999,1,All ages,1.1,6.1,
Drug overdose death rates,All drug overdose deaths,0,"Deaths per 100,000 resident population, age-adjusted",1,Total,0,All persons,0.1,2000,2,All ages,1.1,6.2,
Drug overdose death rates,All drug overdose deaths,0,"Deaths per 100,000 resident population, age-adjusted",1,Total,0,All persons,0.1,2001,3,All ages,1.1,6.8,
Drug overdose death rates,All drug overdose deaths,0,"Deaths per 100,000 resident population, age-adjusted",1,Total,0,All persons,0.1,2002,4,All ages,1.1,8.2,
Drug overdose death rates,All drug overdose deaths,0,"Deaths per 100,000 resident population, age-adjusted",1,Total,0,All persons,0.1,2003,5,All ages,1.1,8.9,
Drug overdose death rates,All drug overdose deaths,0,"Deaths per 100,000 resident population, age-adjusted",1,Total,0,All persons,0.1,2004,6,All ages,1.1,9.4,
Drug overdose death rates,All drug overdose deaths,0,"Deaths per 100,000 resident population, age-adjusted",1,Total,0,All persons,0.1,2005,7,All ages,1.1,10.1,
Drug overdose death rates,All drug overdose deaths,0,"Deaths per 100,000 resident population, age-adjusted",1,Total,0,All persons,0.1,2006,8,All ages,1.1,11.5,
Drug overdose death rates,All drug overdose deaths,0,"Deaths per 100,000 resident population, age-adjusted",1,Total,0,All persons,0.1,2007,9,All ages,1.1,11.9,
Drug overdose death rates,All drug overdose deaths,0,"Deaths per 100,000 resident population, age-adjusted",1,Total,0,All persons,0.1,2008,10,All ages,1.1,11.9,
Drug overdose death rates,All drug overdose deaths,0,"Deaths per 100,000 resident population, age-adjusted",1,Total,0,All persons,0.1,2009,11,All ages,1.1,11.9,
Drug overdose death rates,All drug overdose deaths,0,"Deaths per 100,000 resident population, age-adjusted",1,Total,0,All persons,0.1,2010,12,All ages,1.1,12.3,
Drug overdose death rates,All drug overdose deaths,0,"Deaths per 100,000 resident population, age-adjusted",1,Total,0,All persons,0.1,2011,13,All ages,1.1,13.2,
Drug overdose death rates,All drug overdose deaths,0,"Deaths per 100,000 resident population, age-adjusted",1,Total,0,All persons,0.1,2012,14,All ages,1.1,13.1,
Drug overdose death rates,All drug overdose deaths,0,"Deaths per 100,000 resident population, age-adjusted",1,Total,0,All persons,0.1,2013,15,All ages,1.1,13.8,
Drug overdose death rates,All drug overdose deaths,0,"Deaths per 100,000 resident population, age-adjusted",1,Total,0,All persons,0.1,2014,16,All ages,1.1,14.7,
Drug overdose death rates,All drug overdose deaths,0,"Deaths per 100,000 resident population, age-adjusted",1,Total,0,All persons,0.1,2015,17,All ages,1.1,16.3,
Drug overdose death rates,All drug overdose deaths,0,"Deaths per 100,000 resident population, age-adjusted",1,Total,0,All persons,0.1,2016,18,All ages,1.1,19.8,
Drug overdose death rates,All drug overdose deaths,0,"Deaths per 100,000 resident population, age-adjusted",1,Total,0,All persons,0.1,2017,19,All ages,1.1,21.7,
Drug overdose death rates,All drug overdose deaths,0,"Deaths per 100,000 resident population, age-adjusted",1,Sex,2,Male,2.1,1999,1,All ages,1.1,8.2,
Drug overdose death rates,All drug overdose deaths,0,"Deaths per 100,000 resident population, age-adjusted",1,Sex,2,Male,2.1,2000,2,All ages,1.1,8.3,
Drug overdose death rates,All drug overdose deaths,0,"Deaths per 100,000 resident population, age-adjusted",1,Sex,2,Male,2.1,2001,3,All ages,1.1,9,
Drug overdose death rates,All drug overdose deaths,0,"Deaths per 100,000 resident population, age-adjusted",1,Sex,2,Male,2.1,2002,4,All ages,1.1,10.6,
Drug overdose death rates,All drug overdose deaths,0,"Deaths per 100,000 resident population, age-adjusted",1,Sex,2,Male,2.1,2003,5,All ages,1.1,11.5,
Drug overdose death rates,All drug overdose deaths,0,"Deaths per 100,000 resident population, age-adjusted",1,Sex,2,Male,2.1,2004,6,All ages,1.1,11.8,
Drug overdose death rates,All drug overdose deaths,0,"Deaths per 100,000 resident population, age-adjusted",1,Sex,2,Male,2.1,2005,7,All ages,1.1,12.8,
Drug overdose death rates,All drug overdose deaths,0,"Deaths per 100,000 resident population, age-adjusted",1,Sex,2,Male,2.1,2006,8,All ages,1.1,14.8,
Drug overdose death rates,All drug overdose deaths,0,"Deaths per 100,000 resident population, age-adjusted",1,Sex,2,Male,2.1,2007,9,All ages,1.1,14.9,
Drug overdose death rates,All drug overdose deaths,0,"Deaths per 100,000 resident population, age-adjusted",1,Sex,2,Male,2.1,2008,10,All ages,1.1,14.9,
Drug overdose death rates,All drug overdose deaths,0,"Deaths per 100,000 resident population, age-adjusted",1,Sex,2,Male,2.1,2009,11,All ages,1.1,14.8,
Drug overdose death rates,All drug overdose deaths,0,"Deaths per 100,000 resident population, age-adjusted",1,Sex,2,Male,2.1,2010,12,All ages,1.1,15,
Drug overdose death rates,All drug overdose deaths,0,"Deaths per 100,000 resident population, age-adjusted",1,Sex,2,Male,2.1,2011,13,All ages,1.1,16.1,
Drug overdose death rates,All drug overdose deaths,0,"Deaths per 100,000 resident population, age-adjusted",1,Sex,2,Male,2.1,2012,14,All ages,1.1,16.1,
Drug overdose death rates,All drug overdose deaths,0,"Deaths per 100,000 resident population, age-adjusted",1,Sex,2,Male,2.1,2013,15,All ages,1.1,17,
Drug overdose death rates,All drug overdose deaths,0,"Deaths per 100,000 resident population, age-adjusted",1,Sex,2,Male,2.1,2014,16,All ages,1.1,18.3,
Drug overdose death rates,All drug overdose deaths,0,"Deaths per 100,000 resident population, age-adjusted",1,Sex,2,Male,2.1,2015,17,All ages,1.1,20.8,
Drug overdose death rates,All drug overdose deaths,0,"Deaths per 100,000 resident population, age-adjusted",1,Sex,2,Male,2.1,2016,18,All ages,1.1,26.2,
Drug overdose death rates,All drug overdose deaths,0,"Deaths per 100,000 resident population, age-adjusted",1,Sex,2,Male,2.1,2017,19,All ages,1.1,29.1,
Drug overdose death rates,All drug overdose deaths,0,"Deaths per 100,000 resident population, age-adjusted",1,Sex,2,Female,2.2,1999,1,All ages,1.1,3.9,
Drug overdose death rates,All drug overdose deaths,0,"Deaths per 100,000 resident population, age-adjusted",1,Sex,2,Female,2.2,2000,2,All ages,1.1,4.1,
Drug overdose death rates,All drug overdose deaths,0,"Deaths per 100,000 resident population, age-adjusted",1,Sex,2,Female,2.2,2001,3,All ages,1.1,4.6,
Drug overdose death rates,All drug overdose deaths,0,"Deaths per 100,000 resident population, age-adjusted",1,Sex,2,Female,2.2,2002,4,All ages,1.1,5.8,
Drug overdose death rates,All drug overdose deaths,0,"Deaths per 100,000 resident population, age-adjusted",1,Sex,2,Female,2.2,2003,5,All ages,1.1,6.4,
Drug overdose death rates,All drug overdose deaths,0,"Deaths per 100,000 resident population, age-adjusted",1,Sex,2,Female,2.2,2004,6,All ages,1.1,6.9,
Drug overdose death rates,All drug overdose deaths,0,"Deaths per 100,000 resident population, age-adjusted",1,Sex,2,Female,2.2,2005,7,All ages,1.1,7.3,
Drug overdose death rates,All drug overdose deaths,0,"Deaths per 100,000 resident population, age-adjusted",1,Sex,2,Female,2.2,2006,8,All ages,1.1,8.2,
Drug overdose death rates,All drug overdose deaths,0,"Deaths per 100,000 resident population, age-adjusted",1,Sex,2,Female,2.2,2007,9,All ages,1.1,8.8,
Drug overdose death rates,All drug overdose deaths,0,"Deaths per 100,000 resident population, age-adjusted",1,Sex,2,Female,2.2,2008,10,All ages,1.1,8.9,
Drug overdose death rates,All drug overdose deaths,0,"Deaths per 100,000 resident population, age-adjusted",1,Sex,2,Female,2.2,2009,11,All ages,1.1,9.1,
Drug overdose death rates,All drug overdose deaths,0,"Deaths per 100,000 resident population, age-adjusted",1,Sex,2,Female,2.2,2010,12,All ages,1.1,9.6,
Drug overdose death rates,All drug overdose deaths,0,"Deaths per 100,000 resident population, age-adjusted",1,Sex,2,Female,2.2,2011,13,All ages,1.1,10.2,
Drug overdose death rates,All drug overdose deaths,0,"Deaths per 100,000 resident population, age-adjusted",1,Sex,2,Female,2.2,2012,14,All ages,1.1,10.2,
Drug overdose death rates,All drug overdose deaths,0,"Deaths per 100,000 resident population, age-adjusted",1,Sex,2,Female,2.2,2013,15,All ages,1.1,10.6,
Drug overdose death rates,All drug overdose deaths,0,"Deaths per 100,000 resident population, age-adjusted",1,Sex,2,Female,2.2,2014,16,All ages,1.1,11.1,
Drug overdose death rates,All drug overdose deaths,0,"Deaths per 100,000 resident population, age-adjusted",1,Sex,2,Female,2.2,2015,17,All ages,1.1,11.8,
Drug overdose death rates,All drug overdose deaths,0,"Deaths per 100,000 resident population, age-adjusted",1,Sex,2,Female,2.2,2016,18,All ages,1.1,13.4,
Drug overdose death rates,All drug overdose deaths,0,"Deaths per 100,000 resident population, age-adjusted",1,Sex,2,Female,2.2,2017,19,All ages,1.1,14.4,
Drug overdose death rates,All drug overdose deaths,0,"Deaths per 100,000 resident population, age-adjusted",1,Sex and race,4,Male: White,4.1,1999,1,All ages,1.1,8.1,
Drug overdose death rates,All drug overdose deaths,0,"Deaths per 100,000 resident population, age-adjusted",1,Sex and race,4,Male: White,4.1,2000,2,All ages,1.1,8.4,
Drug overdose death rates,All drug overdose deaths,0,"Deaths per 100,000 resident population, age-adjusted",1,Sex and race,4,Male: White,4.1,2001,3,All ages,1.1,9.2,
Drug overdose death rates,All drug overdose deaths,0,"Deaths per 100,000 resident population, age-adjusted",1,Sex and race,4,Male: White,4.1,2002,4,All ages,1.1,11.1,
Drug overdose death rates,All drug overdose deaths,0,"Deaths per 100,000 resident population, age-adjusted",1,Sex and race,4,Male: White,4.1,2003,5,All ages,1.1,12.2,
Drug overdose death rates,All drug overdose deaths,0,"Deaths per 100,000 resident population, age-adjusted",1,Sex and race,4,Male: White,4.1,2004,6,All ages,1.1,12.6,
Drug overdose death rates,All drug overdose deaths,0,"Deaths per 100,000 resident population, age-adjusted",1,Sex and race,4,Male: White,4.1,2005,7,All ages,1.1,13.6,
Drug overdose death rates,All drug overdose deaths,0,"Deaths per 100,000 resident population, age-adjusted",1,Sex and race,4,Male: White,4.1,2006,8,All ages,1.1,15.7,
Drug overdose death rates,All drug overdose deaths,0,"Deaths per 100,000 resident population, age-adjusted",1,Sex and race,4,Male: White,4.1,2007,9,All ages,1.1,16.3,
Drug overdose death rates,All drug overdose deaths,0,"Deaths per 100,000 resident population, age-adjusted",1,Sex and race,4,Male: White,4.1,2008,10,All ages,1.1,16.5,
Drug overdose death rates,All drug overdose deaths,0,"Deaths per 100,000 resident population, age-adjusted",1,Sex and race,4,Male: White,4.1,2009,11,All ages,1.1,16.4,
Drug overdose death rates,All drug overdose deaths,0,"Deaths per 100,000 resident population, age-adjusted",1,Sex and race,4,Male: White,4.1,2010,12,All ages,1.1,16.8,
Drug overdose death rates,All drug overdose deaths,0,"Deaths per 100,000 resident population, age-adjusted",1,Sex and race,4,Male: White,4.1,2011,13,All ages,1.1,18.1,
Drug overdose death rates,All drug overdose deaths,0,"Deaths per 100,000 resident population, age-adjusted",1,Sex and race,4,Male: White,4.1,2012,14,All ages,1.1,18.1,
Drug overdose death rates,All drug overdose deaths,0,"Deaths per 100,000 resident population, age-adjusted",1,Sex and race,4,Male: White,4.1,2013,15,All ages,1.1,19,
Drug overdose death rates,All drug overdose deaths,0,"Deaths per 100,000 resident population, age-adjusted",1,Sex and race,4,Male: White,4.1,2014,16,All ages,1.1,20.4,
Drug overdose death rates,All drug overdose deaths,0,"Deaths per 100,000 resident population, age-adjusted",1,Sex and race,4,Male: White,4.1,2015,17,All ages,1.1,23.2,
Drug overdose death rates,All drug overdose deaths,0,"Deaths per 100,000 resident population, age-adjusted",1,Sex and race,4,Male: White,4.1,2016,18,All ages,1.1,28.8,
Drug overdose death rates,All drug overdose deaths,0,"Deaths per 100,000 resident population, age-adjusted",1,Sex and race,4,Male: White,4.1,2017,19,All ages,1.1,31.6,
Drug overdose death rates,All drug overdose deaths,0,"Deaths per 100,000 resident population, age-adjusted",1,Sex and race,4,Male: White,4.1,2018,20,All ages,1.1,29.9,
Drug overdose death rates,All drug overdose deaths,0,"Deaths per 100,000 resident population, age-adjusted",1,Sex and race,4,Male: Black or African American,4.2,1999,1,All ages,1.1,11.5,
Drug overdose death rates,All drug overdose deaths,0,"Deaths per 100,000 resident population, age-adjusted",1,Sex and race,4,Male: Black or African American,4.2,2000,2,All ages,1.1,10.8,
Drug overdose death rates,All drug overdose deaths,0,"Deaths per 100,000 resident population, age-adjusted",1,Sex and race,4,Male: Black or African American,4.2,2001,3,All ages,1.1,11,
Drug overdose death rates,All drug overdose deaths,0,"Deaths per 100,000 resident population, age-adjusted",1,Sex and race,4,Male: Black or African American,4.2,2002,4,All ages,1.1,11.5,
Drug overdose death rates,All drug overdose deaths,0,"Deaths per 100,000 resident population, age-adjusted",1,Sex and race,4,Male: Black or African American,4.2,2003,5,All ages,1.1,11.3,
Drug overdose death rates,All drug overdose deaths,0,"Deaths per 100,000 resident population, age-adjusted",1,Sex and race,4,Male: Black or African American,4.2,2004,6,All ages,1.1,11.1,
Drug overdose death rates,All drug overdose deaths,0,"Deaths per 100,000 resident population, age-adjusted",1,Sex and race,4,Male: Black or African American,4.2,2005,7,All ages,1.1,12.8,
Drug overdose death rates,All drug overdose deaths,0,"Deaths per 100,000 resident population, age-adjusted",1,Sex and race,4,Male: Black or African American,4.2,2006,8,All ages,1.1,15.2,
Drug overdose death rates,All drug overdose deaths,0,"Deaths per 100,000 resident population, age-adjusted",1,Sex and race,4,Male: Black or African American,4.2,2007,9,All ages,1.1,13,
Drug overdose death rates,All drug overdose deaths,0,"Deaths per 100,000 resident population, age-adjusted",1,Sex and race,4,Male: Black or African American,4.2,2008,10,All ages,1.1,11.3,
Drug overdose death rates,All drug overdose deaths,0,"Deaths per 100,000 resident population, age-adjusted",1,Sex and race,4,Male: Black or African American,4.2,2009,11,All ages,1.1,10.8,
Drug overdose death rates,All drug overdose deaths,0,"Deaths per 100,000 resident population, age-adjusted",1,Sex and race,4,Male: Black or African American,4.2,2010,12,All ages,1.1,10.1,
Drug overdose death rates,All drug overdose deaths,0,"Deaths per 100,000 resident population, age-adjusted",1,Sex and race,4,Male: Black or African American,4.2,2011,13,All ages,1.1,11,
Drug overdose death rates,All drug overdose deaths,0,"Deaths per 100,000 resident population, age-adjusted",1,Sex and race,4,Male: Black or African American,4.2,2012,14,All ages,1.1,11.3,
Drug overdose death rates,All drug overdose deaths,0,"Deaths per 100,000 resident population, age-adjusted",1,Sex and race,4,Male: Black or African American,4.2,2013,15,All ages,1.1,12.9,
Drug overdose death rates,All drug overdose deaths,0,"Deaths per 100,000 resident population, age-adjusted",1,Sex and race,4,Male: Black or African American,4.2,2014,16,All ages,1.1,13.8,
Drug overdose death rates,All drug overdose deaths,0,"Deaths per 100,000 resident population, age-adjusted",1,Sex and race,4,Male: Black or African American,4.2,2015,17,All ages,1.1,16.8,
Drug overdose death rates,All drug overdose deaths,0,"Deaths per 100,000 resident population, age-adjusted",1,Sex and race,4,Male: Black or African American,4.2,2016,18,All ages,1.1,24,
Drug overdose death rates,All drug overdose deaths,0,"Deaths per 100,000 resident population, age-adjusted",1,Sex and race,4,Male: Black or African American,4.2,2017,19,All ages,1.1,29.7,
Drug overdose death rates,All drug overdose deaths,0,"Deaths per 100,000 resident population, age-adjusted",1,Sex and race,4,Male: Black or African American,4.2,2018,20,All ages,1.1,30.9,
Drug overdose death rates,All drug overdose deaths,0,"Deaths per 100,000 resident population, age-adjusted",1,Sex and race,4,Male: American Indian or Alaska Native,4.3,1999,1,All ages,1.1,5.7,
Drug overdose death rates,All drug overdose deaths,0,"Deaths per 100,000 resident population, age-adjusted",1,Sex and race,4,Male: American Indian or Alaska Native,4.3,2000,2,All ages,1.1,6.1,
Drug overdose death rates,All drug overdose deaths,0,"Deaths per 100,000 resident population, age-adjusted",1,Sex and race,4,Male: American Indian or Alaska Native,4.3,2001,3,All ages,1.1,5.9,
Drug overdose death rates,All drug overdose deaths,0,"Deaths per 100,000 resident population, age-adjusted",1,Sex and race,4,Male: American Indian or Alaska Native,4.3,2002,4,All ages,1.1,8.2,
Drug overdose death rates,All drug overdose deaths,0,"Deaths per 100,000 resident population, age-adjusted",1,Sex and race,4,Male: American Indian or Alaska Native,4.3,2003,5,All ages,1.1,9.4,
Drug overdose death rates,All drug overdose deaths,0,"Deaths per 100,000 resident population, age-adjusted",1,Sex and race,4,Male: American Indian or Alaska Native,4.3,2004,6,All ages,1.1,11.2,
Drug overdose death rates,All drug overdose deaths,0,"Deaths per 100,000 resident population, age-adjusted",1,Sex and race,4,Male: American Indian or Alaska Native,4.3,2005,7,All ages,1.1,10.8,
Drug overdose death rates,All drug overdose deaths,0,"Deaths per 100,000 resident population, age-adjusted",1,Sex and race,4,Male: American Indian or Alaska Native,4.3,2006,8,All ages,1.1,13,
Drug overdose death rates,All drug overdose deaths,0,"Deaths per 100,000 resident population, age-adjusted",1,Sex and race,4,Male: American Indian or Alaska Native,4.3,2007,9,All ages,1.1,10.5,
Drug overdose death rates,All drug overdose deaths,0,"Deaths per 100,000 resident population, age-adjusted",1,Sex and race,4,Male: American Indian or Alaska Native,4.3,2008,10,All ages,1.1,13.5,
Drug overdose death rates,All drug overdose deaths,0,"Deaths per 100,000 resident population, age-adjusted",1,Sex and race,4,Male: American Indian or Alaska Native,4.3,2009,11,All ages,1.1,14.2,
Drug overdose death rates,All drug overdose deaths,0,"Deaths per 100,000 resident population, age-adjusted",1,Sex and race,4,Male: American Indian or Alaska Native,4.3,2010,12,All ages,1.1,11.8,
Drug overdose death rates,All drug overdose deaths,0,"Deaths per 100,000 resident population, age-adjusted",1,Sex and race,4,Male: American Indian or Alaska Native,4.3,2011,13,All ages,1.1,12.9,
Drug overdose death rates,All drug overdose deaths,0,"Deaths per 100,000 resident population, age-adjusted",1,Sex and race,4,Male: American Indian or Alaska Native,4.3,2012,14,All ages,1.1,12.8,
Drug overdose death rates,All drug overdose deaths,0,"Deaths per 100,000 resident population, age-adjusted",1,Sex and race,4,Male: American Indian or Alaska Native,4.3,2013,15,All ages,1.1,12.9,
Drug overdose death rates,All drug overdose deaths,0,"Deaths per 100,000 resident population, age-adjusted",1,Sex and race,4,Male: American Indian or Alaska Native,4.3,2014,16,All ages,1.1,15.9,
Drug overdose death rates,All drug overdose deaths,0,"Deaths per 100,000 resident population, age-adjusted",1,Sex and race,4,Male: American Indian or Alaska Native,4.3,2015,17,All ages,1.1,16,
Drug overdose death rates,All drug overdose deaths,0,"Deaths per 100,000 resident population, age-adjusted",1,Sex and race,4,Male: American Indian or Alaska Native,4.3,2016,18,All ages,1.1,17.7,
Drug overdose death rates,All drug overdose deaths,0,"Deaths per 100,000 resident population, age-adjusted",1,Sex and race,4,Male: American Indian or Alaska Native,4.3,2017,19,All ages,1.1,19.7,
Drug overdose death rates,All drug overdose deaths,0,"Deaths per 100,000 resident population, age-adjusted",1,Sex and race,4,Male: American Indian or Alaska Native,4.3,2018,20,All ages,1.1,21.3,
Drug overdose death rates,All drug overdose deaths,0,"Deaths per 100,000 resident population, age-adjusted",1,Sex and race,4,Male: Asian or Pacific Islander,4.4,1999,1,All ages,1.1,1.5,
Drug overdose death rates,All drug overdose deaths,0,"Deaths per 100,000 resident population, age-adjusted",1,Sex and race,4,Male: Asian or Pacific Islander,4.4,2000,2,All ages,1.1,1.4,
Drug overdose death rates,All drug overdose deaths,0,"Deaths per 100,000 resident population, age-adjusted",1,Sex and race,4,Male: Asian or Pacific Islander,4.4,2001,3,All ages,1.1,1.6,
Drug overdose death rates,All drug overdose deaths,0,"Deaths per 100,000 resident population, age-adjusted",1,Sex and race,4,Male: Asian or Pacific Islander,4.4,2002,4,All ages,1.1,1.9,
Drug overdose death rates,All drug overdose deaths,0,"Deaths per 100,000 resident population, age-adjusted",1,Sex and race,4,Male: Asian or Pacific Islander,4.4,2003,5,All ages,1.1,1.7,
Drug overdose death rates,All drug overdose deaths,0,"Deaths per 100,000 resident population, age-adjusted",1,Sex and race,4,Male: Asian or Pacific Islander,4.4,2004,6,All ages,1.1,2.1,
Drug overdose death rates,All drug overdose deaths,0,"Deaths per 100,000 resident population, age-adjusted",1,Sex and race,4,Male: Asian or Pacific Islander,4.4,2005,7,All ages,1.1,2.2,
Drug overdose death rates,All drug overdose deaths,0,"Deaths per 100,000 resident population, age-adjusted",1,Sex and race,4,Male: Asian or Pacific Islander,4.4,2006,8,All ages,1.1,2.3,
Drug overdose death rates,All drug overdose deaths,0,"Deaths per 100,000 resident population, age-adjusted",1,Sex and race,4,Male: Asian or Pacific Islander,4.4,2007,9,All ages,1.1,2.2,
Drug overdose death rates,All drug overdose deaths,0,"Deaths per 100,000 resident population, age-adjusted",1,Sex and race,4,Male: Asian or Pacific Islander,4.4,2008,10,All ages,1.1,2.1,
Drug overdose death rates,All drug overdose deaths,0,"Deaths per 100,000 resident population, age-adjusted",1,Sex and race,4,Male: Asian or Pacific Islander,4.4,2009,11,All ages,1.1,2.8,
Drug overdose death rates,All drug overdose deaths,0,"Deaths per 100,000 resident population, age-adjusted",1,Sex and race,4,Male: Asian or Pacific Islander,4.4,2010,12,All ages,1.1,2.5,
Drug overdose death rates,All drug overdose deaths,0,"Deaths per 100,000 resident population, age-adjusted",1,Sex and race,4,Male: Asian or Pacific Islander,4.4,2011,13,All ages,1.1,3.2,
Drug overdose death rates,All drug overdose deaths,0,"Deaths per 100,000 resident population, age-adjusted",1,Sex and race,4,Male: Asian or Pacific Islander,4.4,2012,14,All ages,1.1,3.1,
Drug overdose death rates,All drug overdose deaths,0,"Deaths per 100,000 resident population, age-adjusted",1,Sex and race,4,Male: Asian or Pacific Islander,4.4,2013,15,All ages,1.1,3.2,
Drug overdose death rates,All drug overdose deaths,0,"Deaths per 100,000 resident population, age-adjusted",1,Sex and race,4,Male: Asian or Pacific Islander,4.4,2014,16,All ages,1.1,3.3,
Drug overdose death rates,All drug overdose deaths,0,"Deaths per 100,000 resident population, age-adjusted",1,Sex and race,4,Male: Asian or Pacific Islander,4.4,2015,17,All ages,1.1,4.1,
Drug overdose death rates,All drug overdose deaths,0,"Deaths per 100,000 resident population, age-adjusted",1,Sex and race,4,Male: Asian or Pacific Islander,4.4,2016,18,All ages,1.1,4.7,
Drug overdose death rates,All drug overdose deaths,0,"Deaths per 100,000 resident population, age-adjusted",1,Sex and race,4,Male: Asian or Pacific Islander,4.4,2017,19,All ages,1.1,5.2,
Drug overdose death rates,All drug overdose deaths,0,"Deaths per 100,000 resident population, age-adjusted",1,Sex and race,4,Male: Asian or Pacific Islander,4.4,2018,20,All ages,1.1,5.7,
Drug overdose death rates,All drug overdose deaths,0,"Deaths per 100,000 resident population, age-adjusted",1,Sex and race,4,Female: White,4.5,1999,1,All ages,1.1,4,
Drug overdose death rates,All drug overdose deaths,0,"Deaths per 100,000 resident population, age-adjusted",1,Sex and race,4,Female: White,4.5,2000,2,All ages,1.1,4.3,
Drug overdose death rates,All drug overdose deaths,0,"Deaths per 100,000 resident population, age-adjusted",1,Sex and race,4,Female: White,4.5,2001,3,All ages,1.1,4.9,
Drug overdose death rates,All drug overdose deaths,0,"Deaths per 100,000 resident population, age-adjusted",1,Sex and race,4,Female: White,4.5,2002,4,All ages,1.1,6.2,
Drug overdose death rates,All drug overdose deaths,0,"Deaths per 100,000 resident population, age-adjusted",1,Sex and race,4,Female: White,4.5,2003,5,All ages,1.1,6.9,
Drug overdose death rates,All drug overdose deaths,0,"Deaths per 100,000 resident population, age-adjusted",1,Sex and race,4,Female: White,4.5,2004,6,All ages,1.1,7.5,
Drug overdose death rates,All drug overdose deaths,0,"Deaths per 100,000 resident population, age-adjusted",1,Sex and race,4,Female: White,4.5,2005,7,All ages,1.1,8,
Drug overdose death rates,All drug overdose deaths,0,"Deaths per 100,000 resident population, age-adjusted",1,Sex and race,4,Female: White,4.5,2006,8,All ages,1.1,9,
Drug overdose death rates,All drug overdose deaths,0,"Deaths per 100,000 resident population, age-adjusted",1,Sex and race,4,Female: White,4.5,2007,9,All ages,1.1,9.8,
Drug overdose death rates,All drug overdose deaths,0,"Deaths per 100,000 resident population, age-adjusted",1,Sex and race,4,Female: White,4.5,2008,10,All ages,1.1,10.1,
Drug overdose death rates,All drug overdose deaths,0,"Deaths per 100,000 resident population, age-adjusted",1,Sex and race,4,Female: White,4.5,2009,11,All ages,1.1,10.3,
Drug overdose death rates,All drug overdose deaths,0,"Deaths per 100,000 resident population, age-adjusted",1,Sex and race,4,Female: White,4.5,2010,12,All ages,1.1,10.9,
Drug overdose death rates,All drug overdose deaths,0,"Deaths per 100,000 resident population, age-adjusted",1,Sex and race,4,Female: White,4.5,2011,13,All ages,1.1,11.7,
Drug overdose death rates,All drug overdose deaths,0,"Deaths per 100,000 resident population, age-adjusted",1,Sex and race,4,Female: White,4.5,2012,14,All ages,1.1,11.6,
Drug overdose death rates,All drug overdose deaths,0,"Deaths per 100,000 resident population, age-adjusted",1,Sex and race,4,Female: White,4.5,2013,15,All ages,1.1,12.1,
Drug overdose death rates,All drug overdose deaths,0,"Deaths per 100,000 resident population, age-adjusted",1,Sex and race,4,Female: White,4.5,2014,16,All ages,1.1,12.7,
Drug overdose death rates,All drug overdose deaths,0,"Deaths per 100,000 resident population, age-adjusted",1,Sex and race,4,Female: White,4.5,2015,17,All ages,1.1,13.6,
Drug overdose death rates,All drug overdose deaths,0,"Deaths per 100,000 resident population, age-adjusted",1,Sex and race,4,Female: White,4.5,2016,18,All ages,1.1,15.2,
Drug overdose death rates,All drug overdose deaths,0,"Deaths per 100,000 resident population, age-adjusted",1,Sex and race,4,Female: White,4.5,2017,19,All ages,1.1,16.3,
Drug overdose death rates,All drug overdose deaths,0,"Deaths per 100,000 resident population, age-adjusted",1,Sex and race,4,Female: White,4.5,2018,20,All ages,1.1,15.2,
Drug overdose death rates,All drug overdose deaths,0,"Deaths per 100,000 resident population, age-adjusted",1,Sex and race,4,Female: Black or African American,4.6,1999,1,All ages,1.1,3.9,
Drug overdose death rates,All drug overdose deaths,0,"Deaths per 100,000 resident population, age-adjusted",1,Sex and race,4,Female: Black or African American,4.6,2000,2,All ages,1.1,4.1,
Drug overdose death rates,All drug overdose deaths,0,"Deaths per 100,000 resident population, age-adjusted",1,Sex and race,4,Female: Black or African American,4.6,2001,3,All ages,1.1,4.4,
Drug overdose death rates,All drug overdose deaths,0,"Deaths per 100,000 resident population, age-adjusted",1,Sex and race,4,Female: Black or African American,4.6,2002,4,All ages,1.1,5,
Drug overdose death rates,All drug overdose deaths,0,"Deaths per 100,000 resident population, age-adjusted",1,Sex and race,4,Female: Black or African American,4.6,2003,5,All ages,1.1,5.2,
Drug overdose death rates,All drug overdose deaths,0,"Deaths per 100,000 resident population, age-adjusted",1,Sex and race,4,Female: Black or African American,4.6,2004,6,All ages,1.1,5.5,
Drug overdose death rates,All drug overdose deaths,0,"Deaths per 100,000 resident population, age-adjusted",1,Sex and race,4,Female: Black or African American,4.6,2005,7,All ages,1.1,6,
Drug overdose death rates,All drug overdose deaths,0,"Deaths per 100,000 resident population, age-adjusted",1,Sex and race,4,Female: Black or African American,4.6,2006,8,All ages,1.1,6.3,
Drug overdose death rates,All drug overdose deaths,0,"Deaths per 100,000 resident population, age-adjusted",1,Sex and race,4,Female: Black or African American,4.6,2007,9,All ages,1.1,6.3,
Drug overdose death rates,All drug overdose deaths,0,"Deaths per 100,000 resident population, age-adjusted",1,Sex and race,4,Female: Black or African American,4.6,2008,10,All ages,1.1,5.4,
Drug overdose death rates,All drug overdose deaths,0,"Deaths per 100,000 resident population, age-adjusted",1,Sex and race,4,Female: Black or African American,4.6,2009,11,All ages,1.1,5.6,
Drug overdose death rates,All drug overdose deaths,0,"Deaths per 100,000 resident population, age-adjusted",1,Sex and race,4,Female: Black or African American,4.6,2010,12,All ages,1.1,5.7,
Drug overdose death rates,All drug overdose deaths,0,"Deaths per 100,000 resident population, age-adjusted",1,Sex and race,4,Female: Black or African American,4.6,2011,13,All ages,1.1,5.9,
Drug overdose death rates,All drug overdose deaths,0,"Deaths per 100,000 resident population, age-adjusted",1,Sex and race,4,Female: Black or African American,4.6,2012,14,All ages,1.1,6,
Drug overdose death rates,All drug overdose deaths,0,"Deaths per 100,000 resident population, age-adjusted",1,Sex and race,4,Female: Black or African American,4.6,2013,15,All ages,1.1,6.3,
Drug overdose death rates,All drug overdose deaths,0,"Deaths per 100,000 resident population, age-adjusted",1,Sex and race,4,Female: Black or African American,4.6,2014,16,All ages,1.1,7,
Drug overdose death rates,All drug overdose deaths,0,"Deaths per 100,000 resident population, age-adjusted",1,Sex and race,4,Female: Black or African American,4.6,2015,17,All ages,1.1,7.5,
Drug overdose death rates,All drug overdose deaths,0,"Deaths per 100,000 resident population, age-adjusted",1,Sex and race,4,Female: Black or African American,4.6,2016,18,All ages,1.1,10,
Drug overdose death rates,All drug overdose deaths,0,"Deaths per 100,000 resident population, age-adjusted",1,Sex and race,4,Female: Black or African American,4.6,2017,19,All ages,1.1,11.2,
Drug overdose death rates,All drug overdose deaths,0,"Deaths per 100,000 resident population, age-adjusted",1,Sex and race,4,Female: Black or African American,4.6,2018,20,All ages,1.1,11.1,
Drug overdose death rates,All drug overdose deaths,0,"Deaths per 100,000 resident population, age-adjusted",1,Sex and race,4,Female: American Indian or Alaska Native,4.7,1999,1,All ages,1.1,4.6,
Drug overdose death rates,All drug overdose deaths,0,"Deaths per 100,000 resident population, age-adjusted",1,Sex and race,4,Female: American Indian or Alaska Native,4.7,2000,2,All ages,1.1,3.7,
Drug overdose death rates,All drug overdose deaths,0,"Deaths per 100,000 resident population, age-adjusted",1,Sex and race,4,Female: American Indian or Alaska Native,4.7,2001,3,All ages,1.1,5.2,
Drug overdose death rates,All drug overdose deaths,0,"Deaths per 100,000 resident population, age-adjusted",1,Sex and race,4,Female: American Indian or Alaska Native,4.7,2002,4,All ages,1.1,5.6,
Drug overdose death rates,All drug overdose deaths,0,"Deaths per 100,000 resident population, age-adjusted",1,Sex and race,4,Female: American Indian or Alaska Native,4.7,2003,5,All ages,1.1,7.3,
Drug overdose death rates,All drug overdose deaths,0,"Deaths per 100,000 resident population, age-adjusted",1,Sex and race,4,Female: American Indian or Alaska Native,4.7,2004,6,All ages,1.1,7.9,
Drug overdose death rates,All drug overdose deaths,0,"Deaths per 100,000 resident population, age-adjusted",1,Sex and race,4,Female: American Indian or Alaska Native,4.7,2005,7,All ages,1.1,8.6,
Drug overdose death rates,All drug overdose deaths,0,"Deaths per 100,000 resident population, age-adjusted",1,Sex and race,4,Female: American Indian or Alaska Native,4.7,2006,8,All ages,1.1,7.9,
Drug overdose death rates,All drug overdose deaths,0,"Deaths per 100,000 resident population, age-adjusted",1,Sex and race,4,Female: American Indian or Alaska Native,4.7,2007,9,All ages,1.1,9.9,
Drug overdose death rates,All drug overdose deaths,0,"Deaths per 100,000 resident population, age-adjusted",1,Sex and race,4,Female: American Indian or Alaska Native,4.7,2008,10,All ages,1.1,8.8,
Drug overdose death rates,All drug overdose deaths,0,"Deaths per 100,000 resident population, age-adjusted",1,Sex and race,4,Female: American Indian or Alaska Native,4.7,2009,11,All ages,1.1,9.6,
Drug overdose death rates,All drug overdose deaths,0,"Deaths per 100,000 resident population, age-adjusted",1,Sex and race,4,Female: American Indian or Alaska Native,4.7,2010,12,All ages,1.1,9.7,
Drug overdose death rates,All drug overdose deaths,0,"Deaths per 100,000 resident population, age-adjusted",1,Sex and race,4,Female: American Indian or Alaska Native,4.7,2011,13,All ages,1.1,10.7,
Drug overdose death rates,All drug overdose deaths,0,"Deaths per 100,000 resident population, age-adjusted",1,Sex and race,4,Female: American Indian or Alaska Native,4.7,2012,14,All ages,1.1,12.2,
Drug overdose death rates,All drug overdose deaths,0,"Deaths per 100,000 resident population, age-adjusted",1,Sex and race,4,Female: American Indian or Alaska Native,4.7,2013,15,All ages,1.1,11.6,
Drug overdose death rates,All drug overdose deaths,0,"Deaths per 100,000 resident population, age-adjusted",1,Sex and race,4,Female: American Indian or Alaska Native,4.7,2014,16,All ages,1.1,11.2,
Drug overdose death rates,All drug overdose deaths,0,"Deaths per 100,000 resident population, age-adjusted",1,Sex and race,4,Female: American Indian or Alaska Native,4.7,2015,17,All ages,1.1,11.3,
Drug overdose death rates,All drug overdose deaths,0,"Deaths per 100,000 resident population, age-adjusted",1,Sex and race,4,Female: American Indian or Alaska Native,4.7,2016,18,All ages,1.1,13.1,
Drug overdose death rates,All drug overdose deaths,0,"Deaths per 100,000 resident population, age-adjusted",1,Sex and race,4,Female: American Indian or Alaska Native,4.7,2017,19,All ages,1.1,12.7,
Drug overdose death rates,All drug overdose deaths,0,"Deaths per 100,000 resident population, age-adjusted",1,Sex and race,4,Female: American Indian or Alaska Native,4.7,2018,20,All ages,1.1,12.8,
Drug overdose death rates,All drug overdose deaths,0,"Deaths per 100,000 resident population, age-adjusted",1,Sex and race,4,Female: Asian or Pacific Islander,4.8,1999,1,All ages,1.1,1,
Drug overdose death rates,All drug overdose deaths,0,"Deaths per 100,000 resident population, age-adjusted",1,Sex and race,4,Female: Asian or Pacific Islander,4.8,2000,2,All ages,1.1,0.8,
Drug overdose death rates,All drug overdose deaths,0,"Deaths per 100,000 resident population, age-adjusted",1,Sex and race,4,Female: Asian or Pacific Islander,4.8,2001,3,All ages,1.1,0.8,
Drug overdose death rates,All drug overdose deaths,0,"Deaths per 100,000 resident population, age-adjusted",1,Sex and race,4,Female: Asian or Pacific Islander,4.8,2002,4,All ages,1.1,1.1,
Drug overdose death rates,All drug overdose deaths,0,"Deaths per 100,000 resident population, age-adjusted",1,Sex and race,4,Female: Asian or Pacific Islander,4.8,2003,5,All ages,1.1,1.2,
Drug overdose death rates,All drug overdose deaths,0,"Deaths per 100,000 resident population, age-adjusted",1,Sex and race,4,Female: Asian or Pacific Islander,4.8,2004,6,All ages,1.1,1.1,
Drug overdose death rates,All drug overdose deaths,0,"Deaths per 100,000 resident population, age-adjusted",1,Sex and race,4,Female: Asian or Pacific Islander,4.8,2005,7,All ages,1.1,1.3,
Drug overdose death rates,All drug overdose deaths,0,"Deaths per 100,000 resident population, age-adjusted",1,Sex and race,4,Female: Asian or Pacific Islander,4.8,2006,8,All ages,1.1,1.4,
Drug overdose death rates,All drug overdose deaths,0,"Deaths per 100,000 resident population, age-adjusted",1,Sex and race,4,Female: Asian or Pacific Islander,4.8,2007,9,All ages,1.1,1.6,
Drug overdose death rates,All drug overdose deaths,0,"Deaths per 100,000 resident population, age-adjusted",1,Sex and race,4,Female: Asian or Pacific Islander,4.8,2008,10,All ages,1.1,1.3,
Drug overdose death rates,All drug overdose deaths,0,"Deaths per 100,000 resident population, age-adjusted",1,Sex and race,4,Female: Asian or Pacific Islander,4.8,2009,11,All ages,1.1,1.3,
Drug overdose death rates,All drug overdose deaths,0,"Deaths per 100,000 resident population, age-adjusted",1,Sex and race,4,Female: Asian or Pacific Islander,4.8,2010,12,All ages,1.1,1.5,
Drug overdose death rates,All drug overdose deaths,0,"Deaths per 100,000 resident population, age-adjusted",1,Sex and race,4,Female: Asian or Pacific Islander,4.8,2011,13,All ages,1.1,1.6,
Drug overdose death rates,All drug overdose deaths,0,"Deaths per 100,000 resident population, age-adjusted",1,Sex and race,4,Female: Asian or Pacific Islander,4.8,2012,14,All ages,1.1,1.4,
Drug overdose death rates,All drug overdose deaths,0,"Deaths per 100,000 resident population, age-adjusted",1,Sex and race,4,Female: Asian or Pacific Islander,4.8,2013,15,All ages,1.1,1.5,
Drug overdose death rates,All drug overdose deaths,0,"Deaths per 100,000 resident population, age-adjusted",1,Sex and race,4,Female: Asian or Pacific Islander,4.8,2014,16,All ages,1.1,1.7,
Drug overdose death rates,All drug overdose deaths,0,"Deaths per 100,000 resident population, age-adjusted",1,Sex and race,4,Female: Asian or Pacific Islander,4.8,2015,17,All ages,1.1,1.5,
Drug overdose death rates,All drug overdose deaths,0,"Deaths per 100,000 resident population, age-adjusted",1,Sex and race,4,Female: Asian or Pacific Islander,4.8,2016,18,All ages,1.1,1.8,
Drug overdose death rates,All drug overdose deaths,0,"Deaths per 100,000 resident population, age-adjusted",1,Sex and race,4,Female: Asian or Pacific Islander,4.8,2017,19,All ages,1.1,2,
Drug overdose death rates,All drug overdose deaths,0,"Deaths per 100,000 resident population, age-adjusted",1,Sex and race,4,Female: Asian or Pacific Islander,4.8,2018,20,All ages,1.1,2.1,
Drug overdose death rates,All drug overdose deaths,0,"Deaths per 100,000 resident population, age-adjusted",1,Sex and race and Hispanic origin,5,Male: Hispanic or Latino: All races,5.1,1999,1,All ages,1.1,8.6,
Drug overdose death rates,All drug overdose deaths,0,"Deaths per 100,000 resident population, age-adjusted",1,Sex and race and Hispanic origin,5,Male: Hispanic or Latino: All races,5.1,2000,2,All ages,1.1,7.1,
Drug overdose death rates,All drug overdose deaths,0,"Deaths per 100,000 resident population, age-adjusted",1,Sex and race and Hispanic origin,5,Male: Hispanic or Latino: All races,5.1,2001,3,All ages,1.1,6.7,
Drug overdose death rates,All drug overdose deaths,0,"Deaths per 100,000 resident population, age-adjusted",1,Sex and race and Hispanic origin,5,Male: Hispanic or Latino: All races,5.1,2002,4,All ages,1.1,8,
Drug overdose death rates,All drug overdose deaths,0,"Deaths per 100,000 resident population, age-adjusted",1,Sex and race and Hispanic origin,5,Male: Hispanic or Latino: All races,5.1,2003,5,All ages,1.1,8.3,
Drug overdose death rates,All drug overdose deaths,0,"Deaths per 100,000 resident population, age-adjusted",1,Sex and race and Hispanic origin,5,Male: Hispanic or Latino: All races,5.1,2004,6,All ages,1.1,7.5,
Drug overdose death rates,All drug overdose deaths,0,"Deaths per 100,000 resident population, age-adjusted",1,Sex and race and Hispanic origin,5,Male: Hispanic or Latino: All races,5.1,2005,7,All ages,1.1,8.4,
Drug overdose death rates,All drug overdose deaths,0,"Deaths per 100,000 resident population, age-adjusted",1,Sex and race and Hispanic origin,5,Male: Hispanic or Latino: All races,5.1,2006,8,All ages,1.1,9.1,
Drug overdose death rates,All drug overdose deaths,0,"Deaths per 100,000 resident population, age-adjusted",1,Sex and race and Hispanic origin,5,Male: Hispanic or Latino: All races,5.1,2007,9,All ages,1.1,8.7,
Drug overdose death rates,All drug overdose deaths,0,"Deaths per 100,000 resident population, age-adjusted",1,Sex and race and Hispanic origin,5,Male: Hispanic or Latino: All races,5.1,2008,10,All ages,1.1,8.4,
Drug overdose death rates,All drug overdose deaths,0,"Deaths per 100,000 resident population, age-adjusted",1,Sex and race and Hispanic origin,5,Male: Hispanic or Latino: All races,5.1,2009,11,All ages,1.1,8.2,
Drug overdose death rates,All drug overdose deaths,0,"Deaths per 100,000 resident population, age-adjusted",1,Sex and race and Hispanic origin,5,Male: Hispanic or Latino: All races,5.1,2010,12,All ages,1.1,7.6,
Drug overdose death rates,All drug overdose deaths,0,"Deaths per 100,000 resident population, age-adjusted",1,Sex and race and Hispanic origin,5,Male: Hispanic or Latino: All races,5.1,2011,13,All ages,1.1,8.1,
Drug overdose death rates,All drug overdose deaths,0,"Deaths per 100,000 resident population, age-adjusted",1,Sex and race and Hispanic origin,5,Male: Hispanic or Latino: All races,5.1,2012,14,All ages,1.1,8.5,
Drug overdose death rates,All drug overdose deaths,0,"Deaths per 100,000 resident population, age-adjusted",1,Sex and race and Hispanic origin,5,Male: Hispanic or Latino: All races,5.1,2013,15,All ages,1.1,9.2,
Drug overdose death rates,All drug overdose deaths,0,"Deaths per 100,000 resident population, age-adjusted",1,Sex and race and Hispanic origin,5,Male: Hispanic or Latino: All races,5.1,2014,16,All ages,1.1,9.3,
Drug overdose death rates,All drug overdose deaths,0,"Deaths per 100,000 resident population, age-adjusted",1,Sex and race and Hispanic origin,5,Male: Hispanic or Latino: All races,5.1,2015,17,All ages,1.1,10.9,
Drug overdose death rates,All drug overdose deaths,0,"Deaths per 100,000 resident population, age-adjusted",1,Sex and race and Hispanic origin,5,Male: Hispanic or Latino: All races,5.1,2016,18,All ages,1.1,13.9,
Drug overdose death rates,All drug overdose deaths,0,"Deaths per 100,000 resident population, age-adjusted",1,Sex and race and Hispanic origin,5,Male: Hispanic or Latino: All races,5.1,2017,19,All ages,1.1,15.9,
Drug overdose death rates,All drug overdose deaths,0,"Deaths per 100,000 resident population, age-adjusted",1,Sex and race and Hispanic origin,5,Male: Hispanic or Latino: All races,5.1,2018,20,All ages,1.1,16.6,
Drug overdose death rates,All drug overdose deaths,0,"Deaths per 100,000 resident population, age-adjusted",1,Sex and race and Hispanic origin,5,Female: Hispanic or Latino: All races,5.6,1999,1,All ages,1.1,2.2,
Drug overdose death rates,All drug overdose deaths,0,"Deaths per 100,000 resident population, age-adjusted",1,Sex and race and Hispanic origin,5,Female: Hispanic or Latino: All races,5.6,2000,2,All ages,1.1,2,
Drug overdose death rates,All drug overdose deaths,0,"Deaths per 100,000 resident population, age-adjusted",1,Sex and race and Hispanic origin,5,Female: Hispanic or Latino: All races,5.6,2001,3,All ages,1.1,2.2,
Drug overdose death rates,All drug overdose deaths,0,"Deaths per 100,000 resident population, age-adjusted",1,Sex and race and Hispanic origin,5,Female: Hispanic or Latino: All races,5.6,2002,4,All ages,1.1,2.7,
Drug overdose death rates,All drug overdose deaths,0,"Deaths per 100,000 resident population, age-adjusted",1,Sex and race and Hispanic origin,5,Female: Hispanic or Latino: All races,5.6,2003,5,All ages,1.1,2.9,
Drug overdose death rates,All drug overdose deaths,0,"Deaths per 100,000 resident population, age-adjusted",1,Sex and race and Hispanic origin,5,Female: Hispanic or Latino: All races,5.6,2004,6,All ages,1.1,2.9,
Drug overdose death rates,All drug overdose deaths,0,"Deaths per 100,000 resident population, age-adjusted",1,Sex and race and Hispanic origin,5,Female: Hispanic or Latino: All races,5.6,2005,7,All ages,1.1,3,
Drug overdose death rates,All drug overdose deaths,0,"Deaths per 100,000 resident population, age-adjusted",1,Sex and race and Hispanic origin,5,Female: Hispanic or Latino: All races,5.6,2006,8,All ages,1.1,3.4,
Drug overdose death rates,All drug overdose deaths,0,"Deaths per 100,000 resident population, age-adjusted",1,Sex and race and Hispanic origin,5,Female: Hispanic or Latino: All races,5.6,2007,9,All ages,1.1,3.1,
Drug overdose death rates,All drug overdose deaths,0,"Deaths per 100,000 resident population, age-adjusted",1,Sex and race and Hispanic origin,5,Female: Hispanic or Latino: All races,5.6,2008,10,All ages,1.1,3.2,
Drug overdose death rates,All drug overdose deaths,0,"Deaths per 100,000 resident population, age-adjusted",1,Sex and race and Hispanic origin,5,Female: Hispanic or Latino: All races,5.6,2009,11,All ages,1.1,3.5,
Drug overdose death rates,All drug overdose deaths,0,"Deaths per 100,000 resident population, age-adjusted",1,Sex and race and Hispanic origin,5,Female: Hispanic or Latino: All races,5.6,2010,12,All ages,1.1,3.6,
Drug overdose death rates,All drug overdose deaths,0,"Deaths per 100,000 resident population, age-adjusted",1,Sex and race and Hispanic origin,5,Female: Hispanic or Latino: All races,5.6,2011,13,All ages,1.1,4,
Drug overdose death rates,All drug overdose deaths,0,"Deaths per 100,000 resident population, age-adjusted",1,Sex and race and Hispanic origin,5,Female: Hispanic or Latino: All races,5.6,2012,14,All ages,1.1,4,
Drug overdose death rates,All drug overdose deaths,0,"Deaths per 100,000 resident population, age-adjusted",1,Sex and race and Hispanic origin,5,Female: Hispanic or Latino: All races,5.6,2013,15,All ages,1.1,4.1,
Drug overdose death rates,All drug overdose deaths,0,"Deaths per 100,000 resident population, age-adjusted",1,Sex and race and Hispanic origin,5,Female: Hispanic or Latino: All races,5.6,2014,16,All ages,1.1,4.1,
Drug overdose death rates,All drug overdose deaths,0,"Deaths per 100,000 resident population, age-adjusted",1,Sex and race and Hispanic origin,5,Female: Hispanic or Latino: All races,5.6,2015,17,All ages,1.1,4.4,
Drug overdose death rates,All drug overdose deaths,0,"Deaths per 100,000 resident population, age-adjusted",1,Sex and race and Hispanic origin,5,Female: Hispanic or Latino: All races,5.6,2016,18,All ages,1.1,5,
Drug overdose death rates,All drug overdose deaths,0,"Deaths per 100,000 resident population, age-adjusted",1,Sex and race and Hispanic origin,5,Female: Hispanic or Latino: All races,5.6,2017,19,All ages,1.1,5.1,
Drug overdose death rates,All drug overdose deaths,0,"Deaths per 100,000 resident population, age-adjusted",1,Sex and race and Hispanic origin,5,Female: Hispanic or Latino: All races,5.6,2018,20,All ages,1.1,5.2,
Drug overdose death rates,All drug overdose deaths,0,"Deaths per 100,000 resident population, crude",2,Age,1,Under 15 years,1.1,1999,1,Under 15 years,1.2,0.1,
Drug overdose death rates,All drug overdose deaths,0,"Deaths per 100,000 resident population, crude",2,Age,1,Under 15 years,1.1,2000,2,Under 15 years,1.2,0.1,
Drug overdose death rates,All drug overdose deaths,0,"Deaths per 100,000 resident population, crude",2,Age,1,Under 15 years,1.1,2001,3,Under 15 years,1.2,0.2,
Drug overdose death rates,All drug overdose deaths,0,"Deaths per 100,000 resident population, crude",2,Age,1,Under 15 years,1.1,2002,4,Under 15 years,1.2,0.2,
Drug overdose death rates,All drug overdose deaths,0,"Deaths per 100,000 resident population, crude",2,Age,1,Under 15 years,1.1,2003,5,Under 15 years,1.2,0.2,
Drug overdose death rates,All drug overdose deaths,0,"Deaths per 100,000 resident population, crude",2,Age,1,Under 15 years,1.1,2004,6,Under 15 years,1.2,0.2,
Drug overdose death rates,All drug overdose deaths,0,"Deaths per 100,000 resident population, crude",2,Age,1,Under 15 years,1.1,2005,7,Under 15 years,1.2,0.2,
Drug overdose death rates,All drug overdose deaths,0,"Deaths per 100,000 resident population, crude",2,Age,1,Under 15 years,1.1,2006,8,Under 15 years,1.2,0.2,
Drug overdose death rates,All drug overdose deaths,0,"Deaths per 100,000 resident population, crude",2,Age,1,Under 15 years,1.1,2007,9,Under 15 years,1.2,0.2,
Drug overdose death rates,All drug overdose deaths,0,"Deaths per 100,000 resident population, crude",2,Age,1,Under 15 years,1.1,2008,10,Under 15 years,1.2,0.2,
Drug overdose death rates,All drug overdose deaths,0,"Deaths per 100,000 resident population, crude",2,Age,1,Under 15 years,1.1,2009,11,Under 15 years,1.2,0.2,
Drug overdose death rates,All drug overdose deaths,0,"Deaths per 100,000 resident population, crude",2,Age,1,Under 15 years,1.1,2010,12,Under 15 years,1.2,0.2,
Drug overdose death rates,All drug overdose deaths,0,"Deaths per 100,000 resident population, crude",2,Age,1,Under 15 years,1.1,2011,13,Under 15 years,1.2,0.2,
Drug overdose death rates,All drug overdose deaths,0,"Deaths per 100,000 resident population, crude",2,Age,1,Under 15 years,1.1,2012,14,Under 15 years,1.2,0.2,
Drug overdose death rates,All drug overdose deaths,0,"Deaths per 100,000 resident population, crude",2,Age,1,Under 15 years,1.1,2013,15,Under 15 years,1.2,0.2,
Drug overdose death rates,All drug overdose deaths,0,"Deaths per 100,000 resident population, crude",2,Age,1,Under 15 years,1.1,2014,16,Under 15 years,1.2,0.2,
Drug overdose death rates,All drug overdose deaths,0,"Deaths per 100,000 resident population, crude",2,Age,1,Under 15 years,1.1,2015,17,Under 15 years,1.2,0.2,
Drug overdose death rates,All drug overdose deaths,0,"Deaths per 100,000 resident population, crude",2,Age,1,Under 15 years,1.1,2016,18,Under 15 years,1.2,0.2,
Drug overdose death rates,All drug overdose deaths,0,"Deaths per 100,000 resident population, crude",2,Age,1,Under 15 years,1.1,2017,19,Under 15 years,1.2,0.2,
Drug overdose death rates,All drug overdose deaths,0,"Deaths per 100,000 resident population, crude",2,Age,1,15-24 years,1.2,1999,1,15-24 years,1.3,3.2,
Drug overdose death rates,All drug overdose deaths,0,"Deaths per 100,000 resident population, crude",2,Age,1,15-24 years,1.2,2000,2,15-24 years,1.3,3.7,
Drug overdose death rates,All drug overdose deaths,0,"Deaths per 100,000 resident population, crude",2,Age,1,15-24 years,1.2,2001,3,15-24 years,1.3,4.2,
Drug overdose death rates,All drug overdose deaths,0,"Deaths per 100,000 resident population, crude",2,Age,1,15-24 years,1.2,2002,4,15-24 years,1.3,5.1,
Drug overdose death rates,All drug overdose deaths,0,"Deaths per 100,000 resident population, crude",2,Age,1,15-24 years,1.2,2003,5,15-24 years,1.3,6,
Drug overdose death rates,All drug overdose deaths,0,"Deaths per 100,000 resident population, crude",2,Age,1,15-24 years,1.2,2004,6,15-24 years,1.3,6.6,
Drug overdose death rates,All drug overdose deaths,0,"Deaths per 100,000 resident population, crude",2,Age,1,15-24 years,1.2,2005,7,15-24 years,1.3,6.9,
Drug overdose death rates,All drug overdose deaths,0,"Deaths per 100,000 resident population, crude",2,Age,1,15-24 years,1.2,2006,8,15-24 years,1.3,8.1,
Drug overdose death rates,All drug overdose deaths,0,"Deaths per 100,000 resident population, crude",2,Age,1,15-24 years,1.2,2007,9,15-24 years,1.3,8.2,
Drug overdose death rates,All drug overdose deaths,0,"Deaths per 100,000 resident population, crude",2,Age,1,15-24 years,1.2,2008,10,15-24 years,1.3,8,
Drug overdose death rates,All drug overdose deaths,0,"Deaths per 100,000 resident population, crude",2,Age,1,15-24 years,1.2,2009,11,15-24 years,1.3,7.7,
Drug overdose death rates,All drug overdose deaths,0,"Deaths per 100,000 resident population, crude",2,Age,1,15-24 years,1.2,2010,12,15-24 years,1.3,8.2,
Drug overdose death rates,All drug overdose deaths,0,"Deaths per 100,000 resident population, crude",2,Age,1,15-24 years,1.2,2011,13,15-24 years,1.3,8.6,
Drug overdose death rates,All drug overdose deaths,0,"Deaths per 100,000 resident population, crude",2,Age,1,15-24 years,1.2,2012,14,15-24 years,1.3,8,
Drug overdose death rates,All drug overdose deaths,0,"Deaths per 100,000 resident population, crude",2,Age,1,15-24 years,1.2,2013,15,15-24 years,1.3,8.3,
Drug overdose death rates,All drug overdose deaths,0,"Deaths per 100,000 resident population, crude",2,Age,1,15-24 years,1.2,2014,16,15-24 years,1.3,8.6,
Drug overdose death rates,All drug overdose deaths,0,"Deaths per 100,000 resident population, crude",2,Age,1,15-24 years,1.2,2015,17,15-24 years,1.3,9.7,
Drug overdose death rates,All drug overdose deaths,0,"Deaths per 100,000 resident population, crude",2,Age,1,15-24 years,1.2,2016,18,15-24 years,1.3,12.4,
Drug overdose death rates,All drug overdose deaths,0,"Deaths per 100,000 resident population, crude",2,Age,1,15-24 years,1.2,2017,19,15-24 years,1.3,12.6,
Drug overdose death rates,All drug overdose deaths,0,"Deaths per 100,000 resident population, crude",2,Age,1,25-34 years,1.3,1999,1,25-34 years,1.4,8.1,
Drug overdose death rates,All drug overdose deaths,0,"Deaths per 100,000 resident population, crude",2,Age,1,25-34 years,1.3,2000,2,25-34 years,1.4,7.9,
Drug overdose death rates,All drug overdose deaths,0,"Deaths per 100,000 resident population, crude",2,Age,1,25-34 years,1.3,2001,3,25-34 years,1.4,8.6,
Drug overdose death rates,All drug overdose deaths,0,"Deaths per 100,000 resident population, crude",2,Age,1,25-34 years,1.3,2002,4,25-34 years,1.4,10.5,
Drug overdose death rates,All drug overdose deaths,0,"Deaths per 100,000 resident population, crude",2,Age,1,25-34 years,1.3,2003,5,25-34 years,1.4,11.4,
Drug overdose death rates,All drug overdose deaths,0,"Deaths per 100,000 resident population, crude",2,Age,1,25-34 years,1.3,2004,6,25-34 years,1.4,11.9,
Drug overdose death rates,All drug overdose deaths,0,"Deaths per 100,000 resident population, crude",2,Age,1,25-34 years,1.3,2005,7,25-34 years,1.4,13.6,
Drug overdose death rates,All drug overdose deaths,0,"Deaths per 100,000 resident population, crude",2,Age,1,25-34 years,1.3,2006,8,25-34 years,1.4,16.1,
Drug overdose death rates,All drug overdose deaths,0,"Deaths per 100,000 resident population, crude",2,Age,1,25-34 years,1.3,2007,9,25-34 years,1.4,16.8,
Drug overdose death rates,All drug overdose deaths,0,"Deaths per 100,000 resident population, crude",2,Age,1,25-34 years,1.3,2008,10,25-34 years,1.4,16.8,
Drug overdose death rates,All drug overdose deaths,0,"Deaths per 100,000 resident population, crude",2,Age,1,25-34 years,1.3,2009,11,25-34 years,1.4,17.2,
Drug overdose death rates,All drug overdose deaths,0,"Deaths per 100,000 resident population, crude",2,Age,1,25-34 years,1.3,2010,12,25-34 years,1.4,18.4,
Drug overdose death rates,All drug overdose deaths,0,"Deaths per 100,000 resident population, crude",2,Age,1,25-34 years,1.3,2011,13,25-34 years,1.4,20.2,
Drug overdose death rates,All drug overdose deaths,0,"Deaths per 100,000 resident population, crude",2,Age,1,25-34 years,1.3,2012,14,25-34 years,1.4,20.1,
Drug overdose death rates,All drug overdose deaths,0,"Deaths per 100,000 resident population, crude",2,Age,1,25-34 years,1.3,2013,15,25-34 years,1.4,20.9,
Drug overdose death rates,All drug overdose deaths,0,"Deaths per 100,000 resident population, crude",2,Age,1,25-34 years,1.3,2014,16,25-34 years,1.4,23.1,
Drug overdose death rates,All drug overdose deaths,0,"Deaths per 100,000 resident population, crude",2,Age,1,25-34 years,1.3,2015,17,25-34 years,1.4,26.9,
Drug overdose death rates,All drug overdose deaths,0,"Deaths per 100,000 resident population, crude",2,Age,1,25-34 years,1.3,2016,18,25-34 years,1.4,34.6,
Drug overdose death rates,All drug overdose deaths,0,"Deaths per 100,000 resident population, crude",2,Age,1,25-34 years,1.3,2017,19,25-34 years,1.4,38.4,
Drug overdose death rates,All drug overdose deaths,0,"Deaths per 100,000 resident population, crude",2,Age,1,35-44 years,1.4,1999,1,35-44 years,1.5,14,
Drug overdose death rates,All drug overdose deaths,0,"Deaths per 100,000 resident population, crude",2,Age,1,35-44 years,1.4,2000,2,35-44 years,1.5,14.3,
Drug overdose death rates,All drug overdose deaths,0,"Deaths per 100,000 resident population, crude",2,Age,1,35-44 years,1.4,2001,3,35-44 years,1.5,15.5,
Drug overdose death rates,All drug overdose deaths,0,"Deaths per 100,000 resident population, crude",2,Age,1,35-44 years,1.4,2002,4,35-44 years,1.5,18.1,
Drug overdose death rates,All drug overdose deaths,0,"Deaths per 100,000 resident population, crude",2,Age,1,35-44 years,1.4,2003,5,35-44 years,1.5,18.9,
Drug overdose death rates,All drug overdose deaths,0,"Deaths per 100,000 resident population, crude",2,Age,1,35-44 years,1.4,2004,6,35-44 years,1.5,19.3,
Drug overdose death rates,All drug overdose deaths,0,"Deaths per 100,000 resident population, crude",2,Age,1,35-44 years,1.4,2005,7,35-44 years,1.5,19.6,
Drug overdose death rates,All drug overdose deaths,0,"Deaths per 100,000 resident population, crude",2,Age,1,35-44 years,1.4,2006,8,35-44 years,1.5,21.7,
Drug overdose death rates,All drug overdose deaths,0,"Deaths per 100,000 resident population, crude",2,Age,1,35-44 years,1.4,2007,9,35-44 years,1.5,21.4,
Drug overdose death rates,All drug overdose deaths,0,"Deaths per 100,000 resident population, crude",2,Age,1,35-44 years,1.4,2008,10,35-44 years,1.5,21.1,
Drug overdose death rates,All drug overdose deaths,0,"Deaths per 100,000 resident population, crude",2,Age,1,35-44 years,1.4,2009,11,35-44 years,1.5,20.5,
Drug overdose death rates,All drug overdose deaths,0,"Deaths per 100,000 resident population, crude",2,Age,1,35-44 years,1.4,2010,12,35-44 years,1.5,20.8,
Drug overdose death rates,All drug overdose deaths,0,"Deaths per 100,000 resident population, crude",2,Age,1,35-44 years,1.4,2011,13,35-44 years,1.5,22.5,
Drug overdose death rates,All drug overdose deaths,0,"Deaths per 100,000 resident population, crude",2,Age,1,35-44 years,1.4,2012,14,35-44 years,1.5,22.1,
Drug overdose death rates,All drug overdose deaths,0,"Deaths per 100,000 resident population, crude",2,Age,1,35-44 years,1.4,2013,15,35-44 years,1.5,23,
Drug overdose death rates,All drug overdose deaths,0,"Deaths per 100,000 resident population, crude",2,Age,1,35-44 years,1.4,2014,16,35-44 years,1.5,25,
Drug overdose death rates,All drug overdose deaths,0,"Deaths per 100,000 resident population, crude",2,Age,1,35-44 years,1.4,2015,17,35-44 years,1.5,28.3,
Drug overdose death rates,All drug overdose deaths,0,"Deaths per 100,000 resident population, crude",2,Age,1,35-44 years,1.4,2016,18,35-44 years,1.5,35,
Drug overdose death rates,All drug overdose deaths,0,"Deaths per 100,000 resident population, crude",2,Age,1,35-44 years,1.4,2017,19,35-44 years,1.5,39,
Drug overdose death rates,All drug overdose deaths,0,"Deaths per 100,000 resident population, crude",2,Age,1,45-54 years,1.5,1999,1,45-54 years,1.6,11.1,
Drug overdose death rates,All drug overdose deaths,0,"Deaths per 100,000 resident population, crude",2,Age,1,45-54 years,1.5,2000,2,45-54 years,1.6,11.6,
Drug overdose death rates,All drug overdose deaths,0,"Deaths per 100,000 resident population, crude",2,Age,1,45-54 years,1.5,2001,3,45-54 years,1.6,13,
Drug overdose death rates,All drug overdose deaths,0,"Deaths per 100,000 resident population, crude",2,Age,1,45-54 years,1.5,2002,4,45-54 years,1.6,16.2,
Drug overdose death rates,All drug overdose deaths,0,"Deaths per 100,000 resident population, crude",2,Age,1,45-54 years,1.5,2003,5,45-54 years,1.6,17.9,
Drug overdose death rates,All drug overdose deaths,0,"Deaths per 100,000 resident population, crude",2,Age,1,45-54 years,1.5,2004,6,45-54 years,1.6,19.3,
Drug overdose death rates,All drug overdose deaths,0,"Deaths per 100,000 resident population, crude",2,Age,1,45-54 years,1.5,2005,7,45-54 years,1.6,21.1,
Drug overdose death rates,All drug overdose deaths,0,"Deaths per 100,000 resident population, crude",2,Age,1,45-54 years,1.5,2006,8,45-54 years,1.6,24.1,
Drug overdose death rates,All drug overdose deaths,0,"Deaths per 100,000 resident population, crude",2,Age,1,45-54 years,1.5,2007,9,45-54 years,1.6,25.1,
Drug overdose death rates,All drug overdose deaths,0,"Deaths per 100,000 resident population, crude",2,Age,1,45-54 years,1.5,2008,10,45-54 years,1.6,25.2,
Drug overdose death rates,All drug overdose deaths,0,"Deaths per 100,000 resident population, crude",2,Age,1,45-54 years,1.5,2009,11,45-54 years,1.6,25.4,
Drug overdose death rates,All drug overdose deaths,0,"Deaths per 100,000 resident population, crude",2,Age,1,45-54 years,1.5,2010,12,45-54 years,1.6,25.1,
Drug overdose death rates,All drug overdose deaths,0,"Deaths per 100,000 resident population, crude",2,Age,1,45-54 years,1.5,2011,13,45-54 years,1.6,26.7,
Drug overdose death rates,All drug overdose deaths,0,"Deaths per 100,000 resident population, crude",2,Age,1,45-54 years,1.5,2012,14,45-54 years,1.6,26.9,
Drug overdose death rates,All drug overdose deaths,0,"Deaths per 100,000 resident population, crude",2,Age,1,45-54 years,1.5,2013,15,45-54 years,1.6,27.5,
Drug overdose death rates,All drug overdose deaths,0,"Deaths per 100,000 resident population, crude",2,Age,1,45-54 years,1.5,2014,16,45-54 years,1.6,28.2,
Drug overdose death rates,All drug overdose deaths,0,"Deaths per 100,000 resident population, crude",2,Age,1,45-54 years,1.5,2015,17,45-54 years,1.6,30,
Drug overdose death rates,All drug overdose deaths,0,"Deaths per 100,000 resident population, crude",2,Age,1,45-54 years,1.5,2016,18,45-54 years,1.6,34.5,
Drug overdose death rates,All drug overdose deaths,0,"Deaths per 100,000 resident population, crude",2,Age,1,45-54 years,1.5,2017,19,45-54 years,1.6,37.7,
Drug overdose death rates,All drug overdose deaths,0,"Deaths per 100,000 resident population, crude",2,Age,1,55-64 years,1.6,1999,1,55-64 years,1.7,4.2,
Drug overdose death rates,All drug overdose deaths,0,"Deaths per 100,000 resident population, crude",2,Age,1,55-64 years,1.6,2000,2,55-64 years,1.7,4.2,
Drug overdose death rates,All drug overdose deaths,0,"Deaths per 100,000 resident population, crude",2,Age,1,55-64 years,1.6,2001,3,55-64 years,1.7,4.7,
Drug overdose death rates,All drug overdose deaths,0,"Deaths per 100,000 resident population, crude",2,Age,1,55-64 years,1.6,2002,4,55-64 years,1.7,6,
Drug overdose death rates,All drug overdose deaths,0,"Deaths per 100,000 resident population, crude",2,Age,1,55-64 years,1.6,2003,5,55-64 years,1.7,6.9,
Drug overdose death rates,All drug overdose deaths,0,"Deaths per 100,000 resident population, crude",2,Age,1,55-64 years,1.6,2004,6,55-64 years,1.7,7.8,
Drug overdose death rates,All drug overdose deaths,0,"Deaths per 100,000 resident population, crude",2,Age,1,55-64 years,1.6,2005,7,55-64 years,1.7,9,
Drug overdose death rates,All drug overdose deaths,0,"Deaths per 100,000 resident population, crude",2,Age,1,55-64 years,1.6,2006,8,55-64 years,1.7,10.5,
Drug overdose death rates,All drug overdose deaths,0,"Deaths per 100,000 resident population, crude",2,Age,1,55-64 years,1.6,2007,9,55-64 years,1.7,12.2,
Drug overdose death rates,All drug overdose deaths,0,"Deaths per 100,000 resident population, crude",2,Age,1,55-64 years,1.6,2008,10,55-64 years,1.7,12.9,
Drug overdose death rates,All drug overdose deaths,0,"Deaths per 100,000 resident population, crude",2,Age,1,55-64 years,1.6,2009,11,55-64 years,1.7,13.7,
Drug overdose death rates,All drug overdose deaths,0,"Deaths per 100,000 resident population, crude",2,Age,1,55-64 years,1.6,2010,12,55-64 years,1.7,15,
Drug overdose death rates,All drug overdose deaths,0,"Deaths per 100,000 resident population, crude",2,Age,1,55-64 years,1.6,2011,13,55-64 years,1.7,15.9,
Drug overdose death rates,All drug overdose deaths,0,"Deaths per 100,000 resident population, crude",2,Age,1,55-64 years,1.6,2012,14,55-64 years,1.7,16.6,
Drug overdose death rates,All drug overdose deaths,0,"Deaths per 100,000 resident population, crude",2,Age,1,55-64 years,1.6,2013,15,55-64 years,1.7,19.2,
Drug overdose death rates,All drug overdose deaths,0,"Deaths per 100,000 resident population, crude",2,Age,1,55-64 years,1.6,2014,16,55-64 years,1.7,20.3,
Drug overdose death rates,All drug overdose deaths,0,"Deaths per 100,000 resident population, crude",2,Age,1,55-64 years,1.6,2015,17,55-64 years,1.7,21.8,
Drug overdose death rates,All drug overdose deaths,0,"Deaths per 100,000 resident population, crude",2,Age,1,55-64 years,1.6,2016,18,55-64 years,1.7,25.6,
Drug overdose death rates,All drug overdose deaths,0,"Deaths per 100,000 resident population, crude",2,Age,1,55-64 years,1.6,2017,19,55-64 years,1.7,28,
Drug overdose death rates,All drug overdose deaths,0,"Deaths per 100,000 resident population, crude",2,Age,1,65-74 years,1.7,1999,1,65-74 years,1.8,2.4,
Drug overdose death rates,All drug overdose deaths,0,"Deaths per 100,000 resident population, crude",2,Age,1,65-74 years,1.7,2000,2,65-74 years,1.8,2,
Drug overdose death rates,All drug overdose deaths,0,"Deaths per 100,000 resident population, crude",2,Age,1,65-74 years,1.7,2001,3,65-74 years,1.8,2.4,
Drug overdose death rates,All drug overdose deaths,0,"Deaths per 100,000 resident population, crude",2,Age,1,65-74 years,1.7,2002,4,65-74 years,1.8,2.8,
Drug overdose death rates,All drug overdose deaths,0,"Deaths per 100,000 resident population, crude",2,Age,1,65-74 years,1.7,2003,5,65-74 years,1.8,2.9,
Drug overdose death rates,All drug overdose deaths,0,"Deaths per 100,000 resident population, crude",2,Age,1,65-74 years,1.7,2004,6,65-74 years,1.8,2.9,
Drug overdose death rates,All drug overdose deaths,0,"Deaths per 100,000 resident population, crude",2,Age,1,65-74 years,1.7,2005,7,65-74 years,1.8,3.2,
Drug overdose death rates,All drug overdose deaths,0,"Deaths per 100,000 resident population, crude",2,Age,1,65-74 years,1.7,2006,8,65-74 years,1.8,3.5,
Drug overdose death rates,All drug overdose deaths,0,"Deaths per 100,000 resident population, crude",2,Age,1,65-74 years,1.7,2007,9,65-74 years,1.8,4,
Drug overdose death rates,All drug overdose deaths,0,"Deaths per 100,000 resident population, crude",2,Age,1,65-74 years,1.7,2008,10,65-74 years,1.8,4.6,
Drug overdose death rates,All drug overdose deaths,0,"Deaths per 100,000 resident population, crude",2,Age,1,65-74 years,1.7,2009,11,65-74 years,1.8,4.7,
Drug overdose death rates,All drug overdose deaths,0,"Deaths per 100,000 resident population, crude",2,Age,1,65-74 years,1.7,2010,12,65-74 years,1.8,4.7,
Drug overdose death rates,All drug overdose deaths,0,"Deaths per 100,000 resident population, crude",2,Age,1,65-74 years,1.7,2011,13,65-74 years,1.8,5.4,
Drug overdose death rates,All drug overdose deaths,0,"Deaths per 100,000 resident population, crude",2,Age,1,65-74 years,1.7,2012,14,65-74 years,1.8,5.8,
Drug overdose death rates,All drug overdose deaths,0,"Deaths per 100,000 resident population, crude",2,Age,1,65-74 years,1.7,2013,15,65-74 years,1.8,6.4,
Drug overdose death rates,All drug overdose deaths,0,"Deaths per 100,000 resident population, crude",2,Age,1,65-74 years,1.7,2014,16,65-74 years,1.8,6.9,
Drug overdose death rates,All drug overdose deaths,0,"Deaths per 100,000 resident population, crude",2,Age,1,65-74 years,1.7,2015,17,65-74 years,1.8,7.2,
Drug overdose death rates,All drug overdose deaths,0,"Deaths per 100,000 resident population, crude",2,Age,1,65-74 years,1.7,2016,18,65-74 years,1.8,8.2,
Drug overdose death rates,All drug overdose deaths,0,"Deaths per 100,000 resident population, crude",2,Age,1,65-74 years,1.7,2017,19,65-74 years,1.8,9.2,
Drug overdose death rates,All drug overdose deaths,0,"Deaths per 100,000 resident population, crude",2,Age,1,75-84 years,1.8,1999,1,75-84 years,1.9,2.8,
Drug overdose death rates,All drug overdose deaths,0,"Deaths per 100,000 resident population, crude",2,Age,1,75-84 years,1.8,2000,2,75-84 years,1.9,2.4,
Drug overdose death rates,All drug overdose deaths,0,"Deaths per 100,000 resident population, crude",2,Age,1,75-84 years,1.8,2001,3,75-84 years,1.9,2.5,
Drug overdose death rates,All drug overdose deaths,0,"Deaths per 100,000 resident population, crude",2,Age,1,75-84 years,1.8,2002,4,75-84 years,1.9,2.8,
Drug overdose death rates,All drug overdose deaths,0,"Deaths per 100,000 resident population, crude",2,Age,1,75-84 years,1.8,2003,5,75-84 years,1.9,2.7,
Drug overdose death rates,All drug overdose deaths,0,"Deaths per 100,000 resident population, crude",2,Age,1,75-84 years,1.8,2004,6,75-84 years,1.9,2.9,
Drug overdose death rates,All drug overdose deaths,0,"Deaths per 100,000 resident population, crude",2,Age,1,75-84 years,1.8,2005,7,75-84 years,1.9,3.1,
Drug overdose death rates,All drug overdose deaths,0,"Deaths per 100,000 resident population, crude",2,Age,1,75-84 years,1.8,2006,8,75-84 years,1.9,3.3,
Drug overdose death rates,All drug overdose deaths,0,"Deaths per 100,000 resident population, crude",2,Age,1,75-84 years,1.8,2007,9,75-84 years,1.9,3.2,
Drug overdose death rates,All drug overdose deaths,0,"Deaths per 100,000 resident population, crude",2,Age,1,75-84 years,1.8,2008,10,75-84 years,1.9,3.3,
Drug overdose death rates,All drug overdose deaths,0,"Deaths per 100,000 resident population, crude",2,Age,1,75-84 years,1.8,2009,11,75-84 years,1.9,3.8,
Drug overdose death rates,All drug overdose deaths,0,"Deaths per 100,000 resident population, crude",2,Age,1,75-84 years,1.8,2010,12,75-84 years,1.9,3.4,
Drug overdose death rates,All drug overdose deaths,0,"Deaths per 100,000 resident population, crude",2,Age,1,75-84 years,1.8,2011,13,75-84 years,1.9,3.4,
Drug overdose death rates,All drug overdose deaths,0,"Deaths per 100,000 resident population, crude",2,Age,1,75-84 years,1.8,2012,14,75-84 years,1.9,3.4,
Drug overdose death rates,All drug overdose deaths,0,"Deaths per 100,000 resident population, crude",2,Age,1,75-84 years,1.8,2013,15,75-84 years,1.9,3.6,
Drug overdose death rates,All drug overdose deaths,0,"Deaths per 100,000 resident population, crude",2,Age,1,75-84 years,1.8,2014,16,75-84 years,1.9,3.6,
Drug overdose death rates,All drug overdose deaths,0,"Deaths per 100,000 resident population, crude",2,Age,1,75-84 years,1.8,2015,17,75-84 years,1.9,3.6,
Drug overdose death rates,All drug overdose deaths,0,"Deaths per 100,000 resident population, crude",2,Age,1,75-84 years,1.8,2016,18,75-84 years,1.9,3.4,
Drug overdose death rates,All drug overdose deaths,0,"Deaths per 100,000 resident population, crude",2,Age,1,75-84 years,1.8,2017,19,75-84 years,1.9,3.6,
Drug overdose death rates,All drug overdose deaths,0,"Deaths per 100,000 resident population, crude",2,Age,1,85 years and over,1.9,1999,1,85 years and over,1.91,3.8,
Drug overdose death rates,All drug overdose deaths,0,"Deaths per 100,000 resident population, crude",2,Age,1,85 years and over,1.9,2000,2,85 years and over,1.91,4.4,
Drug overdose death rates,All drug overdose deaths,0,"Deaths per 100,000 resident population, crude",2,Age,1,85 years and over,1.9,2001,3,85 years and over,1.91,3.7,
Drug overdose death rates,All drug overdose deaths,0,"Deaths per 100,000 resident population, crude",2,Age,1,85 years and over,1.9,2002,4,85 years and over,1.91,4.4,
Drug overdose death rates,All drug overdose deaths,0,"Deaths per 100,000 resident population, crude",2,Age,1,85 years and over,1.9,2003,5,85 years and over,1.91,4.1,
Drug overdose death rates,All drug overdose deaths,0,"Deaths per 100,000 resident population, crude",2,Age,1,85 years and over,1.9,2004,6,85 years and over,1.91,4,
Drug overdose death rates,All drug overdose deaths,0,"Deaths per 100,000 resident population, crude",2,Age,1,85 years and over,1.9,2005,7,85 years and over,1.91,4.1,
Drug overdose death rates,All drug overdose deaths,0,"Deaths per 100,000 resident population, crude",2,Age,1,85 years and over,1.9,2006,8,85 years and over,1.91,4.4,
Drug overdose death rates,All drug overdose deaths,0,"Deaths per 100,000 resident population, crude",2,Age,1,85 years and over,1.9,2007,9,85 years and over,1.91,4.5,
Drug overdose death rates,All drug overdose deaths,0,"Deaths per 100,000 resident population, crude",2,Age,1,85 years and over,1.9,2008,10,85 years and over,1.91,4.1,
Drug overdose death rates,All drug overdose deaths,0,"Deaths per 100,000 resident population, crude",2,Age,1,85 years and over,1.9,2009,11,85 years and over,1.91,4.4,
Drug overdose death rates,All drug overdose deaths,0,"Deaths per 100,000 resident population, crude",2,Age,1,85 years and over,1.9,2010,12,85 years and over,1.91,4.7,
Drug overdose death rates,All drug overdose deaths,0,"Deaths per 100,000 resident population, crude",2,Age,1,85 years and over,1.9,2011,13,85 years and over,1.91,4.2,
Drug overdose death rates,All drug overdose deaths,0,"Deaths per 100,000 resident population, crude",2,Age,1,85 years and over,1.9,2012,14,85 years and over,1.91,4.3,
Drug overdose death rates,All drug overdose deaths,0,"Deaths per 100,000 resident population, crude",2,Age,1,85 years and over,1.9,2013,15,85 years and over,1.91,4.3,
Drug overdose death rates,All drug overdose deaths,0,"Deaths per 100,000 resident population, crude",2,Age,1,85 years and over,1.9,2014,16,85 years and over,1.91,4.1,
Drug overdose death rates,All drug overdose deaths,0,"Deaths per 100,000 resident population, crude",2,Age,1,85 years and over,1.9,2015,17,85 years and over,1.91,4.4,
Drug overdose death rates,All drug overdose deaths,0,"Deaths per 100,000 resident population, crude",2,Age,1,85 years and over,1.9,2016,18,85 years and over,1.91,4,
Drug overdose death rates,All drug overdose deaths,0,"Deaths per 100,000 resident population, crude",2,Age,1,85 years and over,1.9,2017,19,85 years and over,1.91,4,
Drug overdose death rates,Drug overdose deaths involving any opioid,1,"Deaths per 100,000 resident population, age-adjusted",1,Total,0,All persons,0.1,1999,1,All ages,1.1,2.9,
Drug overdose death rates,Drug overdose deaths involving any opioid,1,"Deaths per 100,000 resident population, age-adjusted",1,Total,0,All persons,0.1,2000,2,All ages,1.1,3,
Drug overdose death rates,Drug overdose deaths involving any opioid,1,"Deaths per 100,000 resident population, age-adjusted",1,Total,0,All persons,0.1,2001,3,All ages,1.1,3.3,
Drug overdose death rates,Drug overdose deaths involving any opioid,1,"Deaths per 100,000 resident population, age-adjusted",1,Total,0,All persons,0.1,2002,4,All ages,1.1,4.1,
Drug overdose death rates,Drug overdose deaths involving any opioid,1,"Deaths per 100,000 resident population, age-adjusted",1,Total,0,All persons,0.1,2003,5,All ages,1.1,4.5,
Drug overdose death rates,Drug overdose deaths involving any opioid,1,"Deaths per 100,000 resident population, age-adjusted",1,Total,0,All persons,0.1,2004,6,All ages,1.1,4.7,
Drug overdose death rates,Drug overdose deaths involving any opioid,1,"Deaths per 100,000 resident population, age-adjusted",1,Total,0,All persons,0.1,2005,7,All ages,1.1,5.1,
Drug overdose death rates,Drug overdose deaths involving any opioid,1,"Deaths per 100,000 resident population, age-adjusted",1,Total,0,All persons,0.1,2006,8,All ages,1.1,5.9,
Drug overdose death rates,Drug overdose deaths involving any opioid,1,"Deaths per 100,000 resident population, age-adjusted",1,Total,0,All persons,0.1,2007,9,All ages,1.1,6.1,
Drug overdose death rates,Drug overdose deaths involving any opioid,1,"Deaths per 100,000 resident population, age-adjusted",1,Total,0,All persons,0.1,2008,10,All ages,1.1,6.4,
Drug overdose death rates,Drug overdose deaths involving any opioid,1,"Deaths per 100,000 resident population, age-adjusted",1,Total,0,All persons,0.1,2009,11,All ages,1.1,6.6,
Drug overdose death rates,Drug overdose deaths involving any opioid,1,"Deaths per 100,000 resident population, age-adjusted",1,Total,0,All persons,0.1,2010,12,All ages,1.1,6.8,
Drug overdose death rates,Drug overdose deaths involving any opioid,1,"Deaths per 100,000 resident population, age-adjusted",1,Total,0,All persons,0.1,2011,13,All ages,1.1,7.3,
Drug overdose death rates,Drug overdose deaths involving any opioid,1,"Deaths per 100,000 resident population, age-adjusted",1,Total,0,All persons,0.1,2012,14,All ages,1.1,7.4,
Drug overdose death rates,Drug overdose deaths involving any opioid,1,"Deaths per 100,000 resident population, age-adjusted",1,Total,0,All persons,0.1,2013,15,All ages,1.1,7.9,
Drug overdose death rates,Drug overdose deaths involving any opioid,1,"Deaths per 100,000 resident population, age-adjusted",1,Total,0,All persons,0.1,2014,16,All ages,1.1,9,
Drug overdose death rates,Drug overdose deaths involving any opioid,1,"Deaths per 100,000 resident population, age-adjusted",1,Total,0,All persons,0.1,2015,17,All ages,1.1,10.4,
Drug overdose death rates,Drug overdose deaths involving any opioid,1,"Deaths per 100,000 resident population, age-adjusted",1,Total,0,All persons,0.1,2016,18,All ages,1.1,13.3,
Drug overdose death rates,Drug overdose deaths involving any opioid,1,"Deaths per 100,000 resident population, age-adjusted",1,Total,0,All persons,0.1,2017,19,All ages,1.1,14.9,
Drug overdose death rates,Drug overdose deaths involving methadone,3,"Deaths per 100,000 resident population, age-adjusted",1,Total,0,All persons,0.1,1999,1,All ages,1.1,0.3,
Drug overdose death rates,Drug overdose deaths involving methadone,3,"Deaths per 100,000 resident population, age-adjusted",1,Total,0,All persons,0.1,2000,2,All ages,1.1,0.4,
Drug overdose death rates,Drug overdose deaths involving methadone,3,"Deaths per 100,000 resident population, age-adjusted",1,Total,0,All persons,0.1,2001,3,All ages,1.1,0.5,
Drug overdose death rates,Drug overdose deaths involving methadone,3,"Deaths per 100,000 resident population, age-adjusted",1,Total,0,All persons,0.1,2002,4,All ages,1.1,0.8,
Drug overdose death rates,Drug overdose deaths involving methadone,3,"Deaths per 100,000 resident population, age-adjusted",1,Total,0,All persons,0.1,2003,5,All ages,1.1,1,
Drug overdose death rates,Drug overdose deaths involving methadone,3,"Deaths per 100,000 resident population, age-adjusted",1,Total,0,All persons,0.1,2004,6,All ages,1.1,1.3,
Drug overdose death rates,Drug overdose deaths involving methadone,3,"Deaths per 100,000 resident population, age-adjusted",1,Total,0,All persons,0.1,2005,7,All ages,1.1,1.5,
Drug overdose death rates,Drug overdose deaths involving methadone,3,"Deaths per 100,000 resident population, age-adjusted",1,Total,0,All persons,0.1,2006,8,All ages,1.1,1.8,
Drug overdose death rates,Drug overdose deaths involving methadone,3,"Deaths per 100,000 resident population, age-adjusted",1,Total,0,All persons,0.1,2007,9,All ages,1.1,1.8,
Drug overdose death rates,Drug overdose deaths involving methadone,3,"Deaths per 100,000 resident population, age-adjusted",1,Total,0,All persons,0.1,2008,10,All ages,1.1,1.6,
Drug overdose death rates,Drug overdose deaths involving methadone,3,"Deaths per 100,000 resident population, age-adjusted",1,Total,0,All persons,0.1,2009,11,All ages,1.1,1.5,
Drug overdose death rates,Drug overdose deaths involving methadone,3,"Deaths per 100,000 resident population, age-adjusted",1,Total,0,All persons,0.1,2010,12,All ages,1.1,1.5,
Drug overdose death rates,Drug overdose deaths involving methadone,3,"Deaths per 100,000 resident population, age-adjusted",1,Total,0,All persons,0.1,2011,13,All ages,1.1,1.4,
Drug overdose death rates,Drug overdose deaths involving methadone,3,"Deaths per 100,000 resident population, age-adjusted",1,Total,0,All persons,0.1,2012,14,All ages,1.1,1.2,
Drug overdose death rates,Drug overdose deaths involving methadone,3,"Deaths per 100,000 resident population, age-adjusted",1,Total,0,All persons,0.1,2013,15,All ages,1.1,1.1,
Drug overdose death rates,Drug overdose deaths involving methadone,3,"Deaths per 100,000 resident population, age-adjusted",1,Total,0,All persons,0.1,2014,16,All ages,1.1,1.1,
Drug overdose death rates,Drug overdose deaths involving methadone,3,"Deaths per 100,000 resident population, age-adjusted",1,Total,0,All persons,0.1,2015,17,All ages,1.1,1,
Drug overdose death rates,Drug overdose deaths involving methadone,3,"Deaths per 100,000 resident population, age-adjusted",1,Total,0,All persons,0.1,2016,18,All ages,1.1,1,
Drug overdose death rates,Drug overdose deaths involving methadone,3,"Deaths per 100,000 resident population, age-adjusted",1,Total,0,All persons,0.1,2017,19,All ages,1.1,1,
Drug overdose death rates,Drug overdose deaths involving heroin,5,"Deaths per 100,000 resident population, age-adjusted",1,Total,0,All persons,0.1,1999,1,All ages,1.1,0.7,
Drug overdose death rates,Drug overdose deaths involving heroin,5,"Deaths per 100,000 resident population, age-adjusted",1,Total,0,All persons,0.1,2000,2,All ages,1.1,0.7,
Drug overdose death rates,Drug overdose deaths involving heroin,5,"Deaths per 100,000 resident population, age-adjusted",1,Total,0,All persons,0.1,2001,3,All ages,1.1,0.6,
Drug overdose death rates,Drug overdose deaths involving heroin,5,"Deaths per 100,000 resident population, age-adjusted",1,Total,0,All persons,0.1,2002,4,All ages,1.1,0.7,
Drug overdose death rates,Drug overdose deaths involving heroin,5,"Deaths per 100,000 resident population, age-adjusted",1,Total,0,All persons,0.1,2003,5,All ages,1.1,0.7,
Drug overdose death rates,Drug overdose deaths involving heroin,5,"Deaths per 100,000 resident population, age-adjusted",1,Total,0,All persons,0.1,2004,6,All ages,1.1,0.6,
Drug overdose death rates,Drug overdose deaths involving heroin,5,"Deaths per 100,000 resident population, age-adjusted",1,Total,0,All persons,0.1,2005,7,All ages,1.1,0.7,
Drug overdose death rates,Drug overdose deaths involving heroin,5,"Deaths per 100,000 resident population, age-adjusted",1,Total,0,All persons,0.1,2006,8,All ages,1.1,0.7,
Drug overdose death rates,Drug overdose deaths involving heroin,5,"Deaths per 100,000 resident population, age-adjusted",1,Total,0,All persons,0.1,2007,9,All ages,1.1,0.8,
Drug overdose death rates,Drug overdose deaths involving heroin,5,"Deaths per 100,000 resident population, age-adjusted",1,Total,0,All persons,0.1,2008,10,All ages,1.1,1,
Drug overdose death rates,Drug overdose deaths involving heroin,5,"Deaths per 100,000 resident population, age-adjusted",1,Total,0,All persons,0.1,2009,11,All ages,1.1,1.1,
Drug overdose death rates,Drug overdose deaths involving heroin,5,"Deaths per 100,000 resident population, age-adjusted",1,Total,0,All persons,0.1,2010,12,All ages,1.1,1,
Drug overdose death rates,Drug overdose deaths involving heroin,5,"Deaths per 100,000 resident population, age-adjusted",1,Total,0,All persons,0.1,2011,13,All ages,1.1,1.4,
Drug overdose death rates,Drug overdose deaths involving heroin,5,"Deaths per 100,000 resident population, age-adjusted",1,Total,0,All persons,0.1,2012,14,All ages,1.1,1.9,
Drug overdose death rates,Drug overdose deaths involving heroin,5,"Deaths per 100,000 resident population, age-adjusted",1,Total,0,All persons,0.1,2013,15,All ages,1.1,2.7,
Drug overdose death rates,Drug overdose deaths involving heroin,5,"Deaths per 100,000 resident population, age-adjusted",1,Total,0,All persons,0.1,2014,16,All ages,1.1,3.4,
Drug overdose death rates,Drug overdose deaths involving heroin,5,"Deaths per 100,000 resident population, age-adjusted",1,Total,0,All persons,0.1,2015,17,All ages,1.1,4.1,
Drug overdose death rates,Drug overdose deaths involving heroin,5,"Deaths per 100,000 resident population, age-adjusted",1,Total,0,All persons,0.1,2016,18,All ages,1.1,4.9,
Drug overdose death rates,Drug overdose deaths involving heroin,5,"Deaths per 100,000 resident population, age-adjusted",1,Total,0,All persons,0.1,2017,19,All ages,1.1,4.9,